{
  "Right Option Key Sends": 0,
  "Tags": [],
  "Ansi 12 Color": {
    "Red Component": 0.6146889925003052,
    "Color Space": "Calibrated",
    "Blue Component": 0.9987757205963135,
    "Alpha Component": 1,
    "Green Component": 0.39599207043647766
  },
  "Transparency": 0,
  "Ansi 7 Color": {
    "Red Component": 0.7696096301078796,
    "Color Space": "Calibrated",
    "Blue Component": 0.7099304795265198,
    "Alpha Component": 1,
    "Green Component": 0.7714409232139587
  },
  "Bold Color": {
    "Red Component": 0.921501874923706,
    "Color Space": "Calibrated",
    "Blue Component": 0.921489953994751,
    "Alpha Component": 1,
    "Green Component": 0.9214743375778198
  },
  "AWDS Tab Directory": "",
  "Ansi 9 Color": {
    "Red Component": 0.9568350315093994,
    "Color Space": "Calibrated",
    "Blue Component": 0.3728577196598053,
    "Alpha Component": 1,
    "Green Component": 0
  },
  "Ansi 8 Color": {
    "Red Component": 0.3829454779624939,
    "Color Space": "Calibrated",
    "Blue Component": 0.2965214252471924,
    "Alpha Component": 1,
    "Green Component": 0.36959609389305115
  },
  "Rows": 25,
  "Default Bookmark": "No",
  "Ansi 4 Color": {
    "Red Component": 0.6146889925003052,
    "Color Space": "Calibrated",
    "Blue Component": 0.9987757205963135,
    "Alpha Component": 1,
    "Green Component": 0.39599207043647766
  },
  "AWDS Tab Option": "No",
  "Cursor Guide Color": {
    "Red Component": 0.6499999761581421,
    "Color Space": "Calibrated",
    "Blue Component": 1,
    "Alpha Component": 0.25,
    "Green Component": 0.9100000262260437
  },
  "Non-ASCII Anti Aliased": true,
  "Use Bright Bold": true,
  "Ansi 10 Color": {
    "Red Component": 0.5947334170341492,
    "Color Space": "Calibrated",
    "Blue Component": 0.14004382491111755,
    "Alpha Component": 1,
    "Green Component": 0.8792104721069336
  },
  "Icon": 1,
  "Ambiguous Double Width": false,
  "AWDS Pane Option": "Recycle",
  "Jobs to Ignore": [
    "rlogin",
    "ssh",
    "slogin",
    "telnet"
  ],
  "Ansi 15 Color": {
    "Red Component": 0.9653725624084473,
    "Color Space": "Calibrated",
    "Blue Component": 0.9359474778175354,
    "Alpha Component": 1,
    "Green Component": 0.9654953479766846
  },
  "Foreground Color": {
    "Red Component": 0.8493925929069519,
    "Color Space": "Calibrated",
    "Blue Component": 0.8493815660476685,
    "Alpha Component": 1,
    "Green Component": 0.8493671417236328
  },
  "Working Directory": "/Users/tperrotta",
  "Blinking Cursor": false,
  "AWDS Window Option": "No",
  "Sync Title": false,
  "Prompt Before Closing 2": false,
  "BM Growl": true,
  "Command": "",
  "Description": "Default",
  "AWDS Pane Directory": "",
  "Disable Window Resizing": true,
  "Screen": -1,
  "Selection Color": {
    "Red Component": 0.20521381497383118,
    "Color Space": "Calibrated",
    "Blue Component": 0.20521116256713867,
    "Alpha Component": 1,
    "Green Component": 0.2052076756954193
  },
  "Mouse Reporting": true,
  "AWDS Window Directory": "",
  "Columns": 80,
  "Idle Code": 0,
  "Ansi 13 Color": {
    "Red Component": 0.9568350315093994,
    "Color Space": "Calibrated",
    "Blue Component": 0.3728577196598053,
    "Alpha Component": 1,
    "Green Component": 0
  },
  "Custom Command": "No",
  "ASCII Anti Aliased": true,
  "Non Ascii Font": "Monaco 12",
  "Vertical Spacing": 1,
  "Use Bold Font": true,
  "Option Key Sends": 0,
  "Selected Text Color": {
    "Red Component": 1,
    "Color Space": "Calibrated",
    "Blue Component": 0.9999912977218628,
    "Alpha Component": 1,
    "Green Component": 0.9999743700027466
  },
  "Background Color": {
    "Red Component": 0.04669809341430664,
    "Color Space": "Calibrated",
    "Blue Component": 0.04669748619198799,
    "Alpha Component": 1,
    "Green Component": 0.04669669643044472
  },
  "Character Encoding": 4,
  "Ansi 11 Color": {
    "Red Component": 0.8774813413619995,
    "Color Space": "Calibrated",
    "Blue Component": 0.3815441131591797,
    "Alpha Component": 1,
    "Green Component": 0.8363599181175232
  },
  "Use Italic Font": true,
  "Unlimited Scrollback": true,
  "Keyboard Map": {
    "0xf700-0x260000": {
      "Action": 10,
      "Text": "[1;6A"
    },
    "0x37-0x40000": {
      "Action": 11,
      "Text": "0x1f"
    },
    "0x32-0x40000": {
      "Action": 11,
      "Text": "0x00"
    },
    "0xf709-0x20000": {
      "Action": 10,
      "Text": "[17;2~"
    },
    "0xf70c-0x20000": {
      "Action": 10,
      "Text": "[20;2~"
    },
    "0xf729-0x20000": {
      "Action": 10,
      "Text": "[1;2H"
    },
    "0xf72b-0x40000": {
      "Action": 10,
      "Text": "[1;5F"
    },
    "0xf705-0x20000": {
      "Action": 10,
      "Text": "[1;2Q"
    },
    "0xf703-0x260000": {
      "Action": 10,
      "Text": "[1;6C"
    },
    "0xf700-0x220000": {
      "Action": 10,
      "Text": "[1;2A"
    },
    "0xf701-0x280000": {
      "Action": 11,
      "Text": "0x1b 0x1b 0x5b 0x42"
    },
    "0x38-0x40000": {
      "Action": 11,
      "Text": "0x7f"
    },
    "0x33-0x40000": {
      "Action": 11,
      "Text": "0x1b"
    },
    "0xf703-0x220000": {
      "Action": 10,
      "Text": "[1;2C"
    },
    "0xf701-0x240000": {
      "Action": 10,
      "Text": "[1;5B"
    },
    "0xf70d-0x20000": {
      "Action": 10,
      "Text": "[21;2~"
    },
    "0xf702-0x260000": {
      "Action": 10,
      "Text": "[1;6D"
    },
    "0xf729-0x40000": {
      "Action": 10,
      "Text": "[1;5H"
    },
    "0xf706-0x20000": {
      "Action": 10,
      "Text": "[1;2R"
    },
    "0x34-0x40000": {
      "Action": 11,
      "Text": "0x1c"
    },
    "0xf700-0x280000": {
      "Action": 11,
      "Text": "0x1b 0x1b 0x5b 0x41"
    },
    "0x2d-0x40000": {
      "Action": 11,
      "Text": "0x1f"
    },
    "0xf70e-0x20000": {
      "Action": 10,
      "Text": "[23;2~"
    },
    "0xf702-0x220000": {
      "Action": 10,
      "Text": "[1;2D"
    },
    "0xf703-0x280000": {
      "Action": 11,
      "Text": "0x1b 0x1b 0x5b 0x43"
    },
    "0xf700-0x240000": {
      "Action": 10,
      "Text": "[1;5A"
    },
    "0xf707-0x20000": {
      "Action": 10,
      "Text": "[1;2S"
    },
    "0xf70a-0x20000": {
      "Action": 10,
      "Text": "[18;2~"
    },
    "0x35-0x40000": {
      "Action": 11,
      "Text": "0x1d"
    },
    "0xf70f-0x20000": {
      "Action": 10,
      "Text": "[24;2~"
    },
    "0xf703-0x240000": {
      "Action": 10,
      "Text": "[1;5C"
    },
    "0xf701-0x260000": {
      "Action": 10,
      "Text": "[1;6B"
    },
    "0xf702-0x280000": {
      "Action": 11,
      "Text": "0x1b 0x1b 0x5b 0x44"
    },
    "0xf72b-0x20000": {
      "Action": 10,
      "Text": "[1;2F"
    },
    "0x36-0x40000": {
      "Action": 11,
      "Text": "0x1e"
    },
    "0xf708-0x20000": {
      "Action": 10,
      "Text": "[15;2~"
    },
    "0xf701-0x220000": {
      "Action": 10,
      "Text": "[1;2B"
    },
    "0xf70b-0x20000": {
      "Action": 10,
      "Text": "[19;2~"
    },
    "0xf702-0x240000": {
      "Action": 10,
      "Text": "[1;5D"
    },
    "0xf704-0x20000": {
      "Action": 10,
      "Text": "[1;2P"
    }
  },
  "Window Type": 0,
  "Background Image Location": "",
  "Blur": false,
  "Badge Color": {
    "Red Component": 1,
    "Color Space": "Calibrated",
    "Blue Component": 0,
    "Alpha Component": 0.5,
    "Green Component": 0
  },
  "Scrollback Lines": 0,
  "Send Code When Idle": false,
  "Close Sessions On End": true,
  "Terminal Type": "xterm-256color",
  "Visual Bell": true,
  "Flashing Bell": false,
  "Silence Bell": false,
  "Ansi 14 Color": {
    "Red Component": 0.3441696763038635,
    "Color Space": "Calibrated",
    "Blue Component": 0.9206036329269409,
    "Alpha Component": 1,
    "Green Component": 0.8197720646858215
  },
  "Name": "Default",
  "Cursor Text Color": {
    "Red Component": 0,
    "Color Space": "Calibrated",
    "Blue Component": 0,
    "Alpha Component": 1,
    "Green Component": 0
  },
  "Shortcut": "",